timestamp,temperature_c,humidity_pct,precipitation_mm
2025-09-07 23:00:00,,,
2025-09-08 00:00:00,,,
2025-09-08 01:00:00,,,
2025-09-08 02:00:00,,,
2025-09-08 03:00:00,,,
2025-09-08 04:00:00,,,
2025-09-08 05:00:00,,,
2025-09-08 06:00:00,,,
2025-09-08 07:00:00,,,
2025-09-08 08:00:00,,,
2025-09-08 09:00:00,,,
2025-09-08 10:00:00,,,
2025-09-08 11:00:00,,,
2025-09-08 12:00:00,,,
2025-09-08 13:00:00,,,
2025-09-08 14:00:00,,,
2025-09-08 15:00:00,,,
2025-09-08 16:00:00,,,
2025-09-08 17:00:00,,,
2025-09-08 18:00:00,,,
2025-09-08 19:00:00,,,
2025-09-08 20:00:00,,,
2025-09-08 21:00:00,,,
2025-09-08 22:00:00,,,
2025-09-08 23:00:00,,,
2025-09-09 00:00:00,,,
2025-09-09 01:00:00,,,
2025-09-09 02:00:00,,,
2025-09-09 03:00:00,,,
2025-09-09 04:00:00,,,
2025-09-09 05:00:00,,,
2025-09-09 06:00:00,,,
2025-09-09 07:00:00,,,
2025-09-09 08:00:00,,,
2025-09-09 09:00:00,,,
2025-09-09 10:00:00,,,
2025-09-09 11:00:00,,,
2025-09-09 12:00:00,,,
2025-09-09 13:00:00,,,
2025-09-09 14:00:00,,,
2025-09-09 15:00:00,,,
2025-09-09 16:00:00,,,
2025-09-09 17:00:00,,,
2025-09-09 18:00:00,,,
2025-09-09 19:00:00,,,
2025-09-09 20:00:00,,,
2025-09-09 21:00:00,,,
2025-09-09 22:00:00,,,
2025-09-09 23:00:00,,,
2025-09-10 00:00:00,,,
2025-09-10 01:00:00,,,
2025-09-10 02:00:00,,,
2025-09-10 03:00:00,,,
2025-09-10 04:00:00,,,
2025-09-10 05:00:00,,,
2025-09-10 06:00:00,,,
2025-09-10 07:00:00,,,
2025-09-10 08:00:00,,,
2025-09-10 09:00:00,,,
2025-09-10 10:00:00,,,
2025-09-10 11:00:00,,,
2025-09-10 12:00:00,,,
2025-09-10 13:00:00,,,
2025-09-10 14:00:00,,,
2025-09-10 15:00:00,,,
2025-09-10 16:00:00,,,
2025-09-10 17:00:00,,,
2025-09-10 18:00:00,,,
2025-09-10 19:00:00,,,
2025-09-10 20:00:00,,,
2025-09-10 21:00:00,,,
2025-09-10 22:00:00,,,
2025-09-10 23:00:00,,,
2025-09-11 00:00:00,,,
2025-09-11 01:00:00,,,
2025-09-11 02:00:00,,,
2025-09-11 03:00:00,,,
2025-09-11 04:00:00,,,
2025-09-11 05:00:00,,,
2025-09-11 06:00:00,,,
2025-09-11 07:00:00,,,
2025-09-11 08:00:00,14.2,89.0,0.0
2025-09-11 09:00:00,15.1,86.0,0.1
2025-09-11 10:00:00,15.8,81.0,0.2
2025-09-11 11:00:00,16.4,76.0,0.3
2025-09-11 12:00:00,16.9,61.0,0.0
2025-09-11 13:00:00,17.0,59.0,0.0
2025-09-11 14:00:00,16.7,62.0,0.0
2025-09-11 15:00:00,14.8,75.0,0.0
2025-09-11 16:00:00,14.5,79.0,0.0
2025-09-11 17:00:00,13.8,83.0,0.0
2025-09-11 18:00:00,13.5,83.0,0.0
2025-09-11 19:00:00,13.6,82.0,0.0
2025-09-11 20:00:00,13.7,82.0,0.1
2025-09-11 21:00:00,13.4,83.0,0.1
2025-09-11 22:00:00,13.1,84.0,0.0
2025-09-11 23:00:00,13.3,81.0,0.0
2025-09-12 00:00:00,13.2,79.0,0.0
2025-09-12 01:00:00,13.3,79.0,0.0
2025-09-12 02:00:00,11.5,86.0,0.0
2025-09-12 03:00:00,10.9,87.0,0.0
2025-09-12 04:00:00,13.6,69.0,0.0
2025-09-12 05:00:00,12.8,72.0,0.0
2025-09-12 06:00:00,12.8,72.0,0.0
2025-09-12 07:00:00,13.4,72.0,0.0
2025-09-12 08:00:00,12.6,82.0,0.0
2025-09-12 09:00:00,12.8,76.0,0.0
2025-09-12 10:00:00,12.7,73.0,0.0
2025-09-12 11:00:00,13.1,70.0,0.0
2025-09-12 12:00:00,14.3,66.0,0.0
2025-09-12 13:00:00,14.3,65.0,0.0
2025-09-12 14:00:00,14.2,68.0,0.0
2025-09-12 15:00:00,14.2,69.0,0.0
2025-09-12 16:00:00,14.6,65.0,0.0
2025-09-12 17:00:00,14.5,66.0,0.0
2025-09-12 18:00:00,14.2,72.0,0.0
2025-09-12 19:00:00,13.4,78.0,0.0
2025-09-12 20:00:00,13.1,73.0,0.0
2025-09-12 21:00:00,13.1,69.0,0.0
2025-09-12 22:00:00,13.0,75.0,0.0
2025-09-12 23:00:00,12.9,74.0,0.0
2025-09-13 00:00:00,12.7,73.0,0.0
2025-09-13 01:00:00,12.5,78.0,0.0
2025-09-13 02:00:00,12.3,77.0,0.0
2025-09-13 03:00:00,12.6,76.0,0.0
2025-09-13 04:00:00,12.5,80.0,0.0
2025-09-13 05:00:00,12.5,79.0,0.0
2025-09-13 06:00:00,12.4,78.0,0.0
2025-09-13 07:00:00,12.6,79.0,0.0
2025-09-13 08:00:00,14.0,77.0,0.0
2025-09-13 09:00:00,15.1,76.0,0.0
2025-09-13 10:00:00,16.5,59.0,0.0
2025-09-13 11:00:00,17.0,71.0,0.0
2025-09-13 12:00:00,17.5,64.0,0.0
2025-09-13 13:00:00,17.3,73.0,0.0
2025-09-13 14:00:00,17.6,66.0,0.0
2025-09-13 15:00:00,17.8,65.0,0.0
2025-09-13 16:00:00,17.3,68.0,0.0
2025-09-13 17:00:00,17.0,72.0,0.0
2025-09-13 18:00:00,16.8,73.0,0.0
2025-09-13 19:00:00,14.7,74.0,0.0
2025-09-13 20:00:00,14.8,73.0,0.0
2025-09-13 21:00:00,14.7,71.0,0.0
2025-09-13 22:00:00,14.4,76.0,0.0
2025-09-13 23:00:00,14.3,75.0,0.0
2025-09-14 00:00:00,14.1,78.0,0.0
2025-09-14 01:00:00,13.2,87.0,0.1
2025-09-14 02:00:00,13.4,86.0,1.4
2025-09-14 03:00:00,13.0,88.0,1.5
2025-09-14 04:00:00,12.7,89.0,3.0
2025-09-14 05:00:00,12.8,87.0,0.7
2025-09-14 06:00:00,12.5,89.0,1.1
2025-09-14 07:00:00,12.4,84.0,0.6
2025-09-14 08:00:00,12.9,82.0,0.0
2025-09-14 09:00:00,14.2,79.0,0.0
2025-09-14 10:00:00,14.1,78.0,0.0
2025-09-14 11:00:00,14.8,78.0,0.0
2025-09-14 12:00:00,15.9,75.0,0.0
2025-09-14 13:00:00,16.7,68.0,0.0
2025-09-14 14:00:00,17.4,65.0,0.0
2025-09-14 15:00:00,18.2,62.0,0.0
2025-09-14 16:00:00,18.4,58.0,0.0
2025-09-14 17:00:00,18.2,64.0,0.0
2025-09-14 18:00:00,16.6,76.0,0.0
2025-09-14 19:00:00,15.4,80.0,0.0
2025-09-14 20:00:00,16.0,70.0,0.0
2025-09-14 21:00:00,16.2,71.0,0.0
2025-09-14 22:00:00,16.4,73.0,0.0
2025-09-14 23:00:00,16.4,76.0,0.0
2025-09-15 00:00:00,16.4,77.0,0.0
2025-09-15 01:00:00,16.9,73.0,0.0
2025-09-15 02:00:00,16.8,73.0,0.0
2025-09-15 03:00:00,17.0,74.0,0.0
2025-09-15 04:00:00,17.3,69.0,0.0
2025-09-15 05:00:00,17.5,67.0,0.0
2025-09-15 06:00:00,17.3,67.0,0.0
2025-09-15 07:00:00,17.1,72.0,0.0
2025-09-15 08:00:00,17.9,73.0,0.0
2025-09-15 09:00:00,19.5,69.0,0.0
2025-09-15 10:00:00,20.4,63.0,0.0
2025-09-15 11:00:00,21.3,62.0,0.0
2025-09-15 12:00:00,21.8,59.0,0.0
2025-09-15 13:00:00,22.4,57.0,0.0
2025-09-15 14:00:00,23.0,58.0,0.0
2025-09-15 15:00:00,23.1,56.0,0.0
2025-09-15 16:00:00,23.1,52.0,0.0
2025-09-15 17:00:00,22.4,53.0,0.0
2025-09-15 18:00:00,21.2,60.0,0.0
2025-09-15 19:00:00,20.3,61.0,0.0
2025-09-15 20:00:00,18.7,74.0,0.0
2025-09-15 21:00:00,16.5,86.0,0.0
2025-09-15 22:00:00,15.7,81.0,0.0
2025-09-15 23:00:00,15.1,81.0,0.0
2025-09-16 00:00:00,14.9,81.0,0.0
2025-09-16 01:00:00,14.6,80.0,0.0
2025-09-16 02:00:00,14.2,78.0,0.0
2025-09-16 03:00:00,13.7,72.0,0.0
2025-09-16 04:00:00,13.6,71.0,0.0
2025-09-16 05:00:00,13.4,71.0,0.0
2025-09-16 06:00:00,13.0,74.0,0.0
2025-09-16 07:00:00,12.9,77.0,0.0
2025-09-16 08:00:00,12.7,80.0,0.0
2025-09-16 09:00:00,12.6,82.0,0.0
2025-09-16 10:00:00,12.8,77.0,0.0
2025-09-16 11:00:00,13.5,73.0,0.0
2025-09-16 12:00:00,14.4,68.0,0.0
2025-09-16 13:00:00,15.1,64.0,0.0
2025-09-16 14:00:00,15.8,57.0,0.0
2025-09-16 15:00:00,15.7,56.0,0.0
2025-09-16 16:00:00,15.2,58.0,0.0
2025-09-16 17:00:00,14.3,61.0,0.0
2025-09-16 18:00:00,13.3,66.0,0.0
2025-09-16 19:00:00,13.2,66.0,0.0
2025-09-16 20:00:00,12.8,67.0,0.0
2025-09-16 21:00:00,12.5,68.0,0.0
2025-09-16 22:00:00,12.6,69.0,0.0
2025-09-16 23:00:00,12.3,71.0,0.0
2025-09-17 00:00:00,12.0,72.0,0.0
2025-09-17 01:00:00,11.6,75.0,0.0
2025-09-17 02:00:00,11.5,75.0,0.0
2025-09-17 03:00:00,10.7,80.0,0.0
2025-09-17 04:00:00,10.9,78.0,0.0
2025-09-17 05:00:00,10.5,80.0,0.0
2025-09-17 06:00:00,10.3,82.0,0.0
2025-09-17 07:00:00,10.8,84.0,0.0
2025-09-17 08:00:00,12.1,78.0,0.0
2025-09-17 09:00:00,13.1,74.0,0.0
2025-09-17 10:00:00,14.3,65.0,0.0
2025-09-17 11:00:00,15.2,62.0,0.0
2025-09-17 12:00:00,15.9,60.0,0.0
2025-09-17 13:00:00,16.8,57.0,0.0
2025-09-17 14:00:00,17.5,52.0,0.0
2025-09-17 15:00:00,17.9,50.0,0.0
2025-09-17 16:00:00,17.6,48.0,0.0
2025-09-17 17:00:00,17.1,48.0,0.0
2025-09-17 18:00:00,15.7,60.0,0.0
2025-09-17 19:00:00,14.4,69.0,0.0
2025-09-17 20:00:00,14.2,72.0,0.0
2025-09-17 21:00:00,14.2,73.0,0.0
2025-09-17 22:00:00,14.8,73.0,0.0
2025-09-17 23:00:00,14.6,68.0,0.0
2025-09-18 00:00:00,14.2,65.0,0.0
2025-09-18 01:00:00,15.3,61.0,0.0
2025-09-18 02:00:00,15.1,57.0,0.0
2025-09-18 03:00:00,14.8,55.0,0.0
2025-09-18 04:00:00,14.4,59.0,0.0
2025-09-18 05:00:00,13.8,59.0,0.0
2025-09-18 06:00:00,14.1,57.0,0.0
2025-09-18 07:00:00,14.9,56.0,0.0
2025-09-18 08:00:00,14.8,81.0,0.0
2025-09-18 09:00:00,16.3,69.0,0.0
2025-09-18 10:00:00,18.1,55.0,0.0
2025-09-18 11:00:00,18.7,65.0,0.0
2025-09-18 12:00:00,19.5,68.0,0.0
2025-09-18 13:00:00,20.8,62.0,0.0
2025-09-18 14:00:00,22.1,64.0,0.0
2025-09-18 15:00:00,22.7,60.0,0.0
2025-09-18 16:00:00,22.7,54.0,0.0
2025-09-18 17:00:00,22.1,62.0,0.0
2025-09-18 18:00:00,20.7,60.0,0.0
2025-09-18 19:00:00,18.0,64.0,0.0
2025-09-18 20:00:00,18.0,51.0,0.0
2025-09-18 21:00:00,17.4,57.0,0.0
2025-09-18 22:00:00,16.8,66.0,0.0
2025-09-18 23:00:00,17.0,64.0,0.0
2025-09-19 00:00:00,16.0,66.0,0.0
2025-09-19 01:00:00,17.0,59.0,0.0
2025-09-19 02:00:00,16.5,59.0,0.0
2025-09-19 03:00:00,15.9,56.0,0.0
2025-09-19 04:00:00,14.2,62.0,0.0
2025-09-19 05:00:00,14.9,55.0,0.0
2025-09-19 06:00:00,14.3,57.0,0.0
2025-09-19 07:00:00,15.6,47.0,0.0
2025-09-19 08:00:00,16.3,61.0,0.0
2025-09-19 09:00:00,16.6,61.0,0.0
2025-09-19 10:00:00,17.9,58.0,0.0
2025-09-19 11:00:00,19.4,69.0,0.0
2025-09-19 12:00:00,20.7,68.0,0.0
2025-09-19 13:00:00,22.1,57.0,0.0
2025-09-19 14:00:00,23.3,59.0,0.0
2025-09-19 15:00:00,23.6,59.0,0.0
2025-09-19 16:00:00,24.0,55.0,0.0
2025-09-19 17:00:00,23.6,60.0,0.0
2025-09-19 18:00:00,21.8,62.0,0.0
2025-09-19 19:00:00,20.1,70.0,0.0
2025-09-19 20:00:00,19.8,65.0,0.0
2025-09-19 21:00:00,19.7,70.0,0.0
2025-09-19 22:00:00,18.6,72.0,0.0
2025-09-19 23:00:00,17.3,72.0,0.0
2025-09-20 00:00:00,18.1,57.0,0.0
2025-09-20 01:00:00,20.1,52.0,0.0
2025-09-20 02:00:00,20.6,49.0,0.0
2025-09-20 03:00:00,21.1,45.0,0.0
2025-09-20 04:00:00,19.9,55.0,0.0
2025-09-20 05:00:00,19.4,59.0,0.0
2025-09-20 06:00:00,19.7,58.0,0.0
2025-09-20 07:00:00,18.1,61.0,0.0
2025-09-20 08:00:00,20.3,58.0,0.0
2025-09-20 09:00:00,21.2,63.0,0.0
2025-09-20 10:00:00,21.7,62.0,0.0
2025-09-20 11:00:00,23.3,56.0,0.0
2025-09-20 12:00:00,24.0,57.0,0.0
2025-09-20 13:00:00,24.4,62.0,0.0
2025-09-20 14:00:00,26.0,55.0,0.0
2025-09-20 15:00:00,26.3,58.0,0.0
2025-09-20 16:00:00,26.4,49.0,0.0
2025-09-20 17:00:00,24.6,61.0,0.0
2025-09-20 18:00:00,23.3,61.0,0.0
2025-09-20 19:00:00,22.3,51.0,0.0
2025-09-20 20:00:00,21.4,48.0,0.0
2025-09-20 21:00:00,20.8,53.0,0.0
2025-09-20 22:00:00,20.1,61.0,0.0
2025-09-20 23:00:00,19.6,64.0,0.0
2025-09-21 00:00:00,18.9,68.0,0.0
2025-09-21 01:00:00,18.4,71.0,0.0
2025-09-21 02:00:00,19.1,68.0,0.0
2025-09-21 03:00:00,20.2,60.0,0.0
2025-09-21 04:00:00,20.7,60.0,0.0
2025-09-21 05:00:00,18.9,67.0,0.0
2025-09-21 06:00:00,18.1,66.0,0.0
2025-09-21 07:00:00,18.7,63.0,0.0
2025-09-21 08:00:00,19.4,65.0,0.0
2025-09-21 09:00:00,20.1,67.0,0.0
2025-09-21 10:00:00,21.6,56.0,0.0
2025-09-21 11:00:00,21.4,71.0,0.0
2025-09-21 12:00:00,22.2,62.0,0.0
2025-09-21 13:00:00,22.8,59.0,0.0
2025-09-21 14:00:00,23.5,55.0,0.0
2025-09-21 15:00:00,22.1,50.0,0.0
2025-09-21 16:00:00,21.6,55.0,0.0
2025-09-21 17:00:00,20.9,62.0,0.0
2025-09-21 18:00:00,19.9,72.0,0.0
2025-09-21 19:00:00,18.9,80.0,0.0
2025-09-21 20:00:00,17.2,89.0,0.0
2025-09-21 21:00:00,16.4,93.0,1.7
2025-09-21 22:00:00,15.5,90.0,2.1
2025-09-21 23:00:00,14.6,97.0,4.9
2025-09-22 00:00:00,14.6,97.0,0.5
2025-09-22 01:00:00,14.8,97.0,1.5
2025-09-22 02:00:00,15.0,95.0,0.1
2025-09-22 03:00:00,14.6,97.0,1.3
2025-09-22 04:00:00,14.2,97.0,2.5
2025-09-22 05:00:00,14.0,97.0,0.5
2025-09-22 06:00:00,13.9,96.0,1.4
2025-09-22 07:00:00,14.0,95.0,2.8
2025-09-22 08:00:00,13.7,95.0,1.9
2025-09-22 09:00:00,13.1,94.0,2.8
2025-09-22 10:00:00,13.5,93.0,1.4
2025-09-22 11:00:00,12.7,93.0,1.1
2025-09-22 12:00:00,12.0,96.0,0.1
2025-09-22 13:00:00,11.8,94.0,0.0
2025-09-22 14:00:00,12.1,93.0,0.0
2025-09-22 15:00:00,12.4,93.0,0.0
2025-09-22 16:00:00,11.6,97.0,0.0
2025-09-22 17:00:00,11.4,96.0,0.0
2025-09-22 18:00:00,11.1,96.0,2.4
2025-09-22 19:00:00,10.6,97.0,1.4
2025-09-22 20:00:00,10.3,98.0,0.0
2025-09-22 21:00:00,10.4,96.0,0.0
2025-09-22 22:00:00,10.4,94.0,0.0
2025-09-22 23:00:00,10.4,96.0,0.0
2025-09-23 00:00:00,10.0,98.0,0.0
2025-09-23 01:00:00,10.0,98.0,0.0
2025-09-23 02:00:00,10.1,94.0,0.0
2025-09-23 03:00:00,9.8,98.0,0.6
2025-09-23 04:00:00,9.6,98.0,0.0
2025-09-23 05:00:00,9.2,98.0,0.0
2025-09-23 06:00:00,9.2,99.0,0.0
2025-09-23 07:00:00,9.3,99.0,0.0
2025-09-23 08:00:00,9.5,99.0,0.0
2025-09-23 09:00:00,9.6,98.0,0.0
2025-09-23 10:00:00,10.3,94.0,0.0
2025-09-23 11:00:00,10.6,94.0,0.0
2025-09-23 12:00:00,11.0,94.0,0.0
2025-09-23 13:00:00,10.9,96.0,0.0
2025-09-23 14:00:00,11.0,97.0,0.0
2025-09-23 15:00:00,11.1,97.0,0.2
2025-09-23 16:00:00,11.2,96.0,0.0
2025-09-23 17:00:00,11.0,95.0,1.0
2025-09-23 18:00:00,10.3,96.0,2.6
2025-09-23 19:00:00,10.5,94.0,1.2
2025-09-23 20:00:00,10.0,94.0,3.6
2025-09-23 21:00:00,9.9,94.0,1.8
2025-09-23 22:00:00,9.9,94.0,2.0
2025-09-23 23:00:00,9.8,92.0,0.5
2025-09-24 00:00:00,9.7,93.0,0.1
2025-09-24 01:00:00,9.8,94.0,0.2
2025-09-24 02:00:00,9.8,93.0,0.1
2025-09-24 03:00:00,9.7,93.0,0.2
2025-09-24 04:00:00,10.0,93.0,0.0
2025-09-24 05:00:00,9.8,93.0,0.2
2025-09-24 06:00:00,9.8,94.0,0.0
2025-09-24 07:00:00,9.8,95.0,0.0
2025-09-24 08:00:00,10.2,93.0,0.0
2025-09-24 09:00:00,10.5,95.0,0.0
2025-09-24 10:00:00,10.4,95.0,0.0
2025-09-24 11:00:00,10.3,96.0,0.0
2025-09-24 12:00:00,10.4,95.0,0.1
2025-09-24 13:00:00,10.3,95.0,0.4
2025-09-24 14:00:00,10.5,95.0,0.3
2025-09-24 15:00:00,9.7,96.0,0.0
2025-09-24 16:00:00,9.3,97.0,0.2
2025-09-24 17:00:00,9.4,96.0,0.3
2025-09-24 18:00:00,9.1,98.0,0.0
2025-09-24 19:00:00,9.0,95.0,0.0
2025-09-24 20:00:00,9.0,94.0,0.0
2025-09-24 21:00:00,9.1,93.0,0.0
2025-09-24 22:00:00,9.2,93.0,0.0
2025-09-24 23:00:00,9.1,94.0,0.0
2025-09-25 00:00:00,9.0,93.0,0.0
2025-09-25 01:00:00,9.0,95.0,0.0
2025-09-25 02:00:00,9.1,94.0,0.1
2025-09-25 03:00:00,8.9,91.0,0.4
2025-09-25 04:00:00,8.5,93.0,0.5
2025-09-25 05:00:00,8.5,93.0,0.5
2025-09-25 06:00:00,8.4,92.0,0.2
2025-09-25 07:00:00,8.5,93.0,0.5
2025-09-25 08:00:00,8.9,92.0,0.4
2025-09-25 09:00:00,9.7,91.0,0.3
2025-09-25 10:00:00,9.5,89.0,0.2
2025-09-25 11:00:00,10.3,86.0,0.0
2025-09-25 12:00:00,10.9,86.0,0.0
2025-09-25 13:00:00,11.3,82.0,0.0
2025-09-25 14:00:00,11.4,81.0,0.0
2025-09-25 15:00:00,11.7,80.0,0.0
2025-09-25 16:00:00,11.3,86.0,0.0
2025-09-25 17:00:00,10.8,88.0,0.0
2025-09-25 18:00:00,10.6,86.0,0.0
2025-09-25 19:00:00,10.4,87.0,0.0
2025-09-25 20:00:00,9.9,91.0,0.1
2025-09-25 21:00:00,9.7,91.0,0.5
2025-09-25 22:00:00,9.2,89.0,0.2
2025-09-25 23:00:00,8.6,88.0,0.0
2025-09-26 00:00:00,8.2,87.0,0.0
2025-09-26 01:00:00,8.0,86.0,0.0
2025-09-26 02:00:00,7.4,89.0,0.0
2025-09-26 03:00:00,7.3,90.0,0.0
2025-09-26 04:00:00,7.5,93.0,0.0
2025-09-26 05:00:00,7.4,93.0,0.0
2025-09-26 06:00:00,7.4,93.0,0.0
2025-09-26 07:00:00,7.3,93.0,0.0
2025-09-26 08:00:00,8.7,92.0,0.0
2025-09-26 09:00:00,9.5,91.0,0.0
2025-09-26 10:00:00,10.3,85.0,0.0
2025-09-26 11:00:00,11.5,80.0,0.0
2025-09-26 12:00:00,12.2,76.0,0.0
2025-09-26 13:00:00,12.7,74.0,0.0
2025-09-26 14:00:00,12.4,81.0,0.0
2025-09-26 15:00:00,12.8,77.0,0.0
2025-09-26 16:00:00,12.5,79.0,0.0
2025-09-26 17:00:00,11.7,83.0,0.2
2025-09-26 18:00:00,11.4,85.0,0.1
2025-09-26 19:00:00,10.9,89.0,0.0
2025-09-26 20:00:00,10.7,93.0,0.0
2025-09-26 21:00:00,10.5,94.0,0.0
2025-09-26 22:00:00,10.0,93.0,0.2
2025-09-26 23:00:00,9.3,92.0,0.0
2025-09-27 00:00:00,9.0,92.0,0.0
2025-09-27 01:00:00,9.1,91.0,0.0
2025-09-27 02:00:00,8.9,89.0,0.0
2025-09-27 03:00:00,8.4,91.0,0.2
2025-09-27 04:00:00,8.4,92.0,0.3
2025-09-27 05:00:00,8.4,92.0,1.1
2025-09-27 06:00:00,8.3,92.0,0.1
2025-09-27 07:00:00,8.7,91.0,0.0
2025-09-27 08:00:00,9.2,88.0,0.0
2025-09-27 09:00:00,9.6,86.0,0.0
2025-09-27 10:00:00,9.7,87.0,0.0
2025-09-27 11:00:00,9.7,91.0,0.0
2025-09-27 12:00:00,9.6,88.0,0.0
2025-09-27 13:00:00,10.0,82.0,0.0
2025-09-27 14:00:00,10.3,82.0,0.0
2025-09-27 15:00:00,10.6,83.0,0.0
2025-09-27 16:00:00,10.7,78.0,0.0
2025-09-27 17:00:00,10.6,82.0,0.0
2025-09-27 18:00:00,10.4,81.0,0.0
2025-09-27 19:00:00,10.0,88.0,0.0
2025-09-27 20:00:00,9.8,88.0,0.0
2025-09-27 21:00:00,9.7,89.0,0.0
2025-09-27 22:00:00,9.6,89.0,0.0
2025-09-27 23:00:00,9.5,90.0,0.0
2025-09-28 00:00:00,9.6,91.0,0.0
2025-09-28 01:00:00,9.5,95.0,0.0
2025-09-28 02:00:00,9.7,92.0,0.0
2025-09-28 03:00:00,9.9,90.0,0.0
2025-09-28 04:00:00,9.4,93.0,0.0
2025-09-28 05:00:00,9.5,91.0,0.0
2025-09-28 06:00:00,8.9,92.0,0.0
2025-09-28 07:00:00,9.1,86.0,0.0
2025-09-28 08:00:00,10.0,91.0,0.0
2025-09-28 09:00:00,10.8,87.0,0.0
2025-09-28 10:00:00,11.3,88.0,0.0
2025-09-28 11:00:00,11.5,88.0,0.0
2025-09-28 12:00:00,12.9,81.0,0.0
2025-09-28 13:00:00,14.0,74.0,0.0
2025-09-28 14:00:00,14.0,78.0,0.0
2025-09-28 15:00:00,14.0,80.0,0.0
2025-09-28 16:00:00,13.7,81.0,0.0
2025-09-28 17:00:00,12.7,90.0,0.0
2025-09-28 18:00:00,12.4,90.0,0.0
2025-09-28 19:00:00,12.0,92.0,0.0
2025-09-28 20:00:00,11.5,95.0,0.0
2025-09-28 21:00:00,11.1,96.0,0.0
2025-09-28 22:00:00,10.7,96.0,0.0
2025-09-28 23:00:00,10.5,95.0,0.0
2025-09-29 00:00:00,10.4,95.0,0.0
2025-09-29 01:00:00,10.4,95.0,0.0
2025-09-29 02:00:00,10.2,96.0,0.0
2025-09-29 03:00:00,10.0,97.0,0.0
2025-09-29 04:00:00,10.2,97.0,0.0
2025-09-29 05:00:00,10.2,96.0,0.0
2025-09-29 06:00:00,10.2,95.0,0.0
2025-09-29 07:00:00,10.3,94.0,0.0
2025-09-29 08:00:00,10.5,92.0,0.0
2025-09-29 09:00:00,10.8,90.0,0.0
2025-09-29 10:00:00,11.5,86.0,0.0
2025-09-29 11:00:00,12.1,87.0,0.0
2025-09-29 12:00:00,12.4,86.0,0.0
2025-09-29 13:00:00,13.6,74.0,0.0
2025-09-29 14:00:00,14.5,67.0,0.0
2025-09-29 15:00:00,14.4,68.0,0.0
2025-09-29 16:00:00,14.6,66.0,0.0
2025-09-29 17:00:00,14.3,67.0,0.0
2025-09-29 18:00:00,13.6,70.0,0.0
2025-09-29 19:00:00,11.3,86.0,0.0
2025-09-29 20:00:00,10.3,87.0,0.0
2025-09-29 21:00:00,10.4,85.0,0.0
2025-09-29 22:00:00,10.8,86.0,0.0
2025-09-29 23:00:00,10.9,84.0,0.0
2025-09-30 00:00:00,10.8,84.0,0.0
2025-09-30 01:00:00,9.9,90.0,0.0
2025-09-30 02:00:00,10.4,84.0,0.0
2025-09-30 03:00:00,10.4,84.0,0.0
2025-09-30 04:00:00,10.1,84.0,0.0
2025-09-30 05:00:00,10.0,84.0,0.0
2025-09-30 06:00:00,10.0,82.0,0.0
2025-09-30 07:00:00,10.4,87.0,0.0
2025-09-30 08:00:00,10.7,86.0,0.0
2025-09-30 09:00:00,11.3,87.0,0.0
2025-09-30 10:00:00,11.9,83.0,0.0
2025-09-30 11:00:00,12.6,84.0,0.0
2025-09-30 12:00:00,12.2,87.0,0.0
2025-09-30 13:00:00,12.2,86.0,0.0
2025-09-30 14:00:00,12.7,82.0,0.0
2025-09-30 15:00:00,12.7,85.0,0.0
2025-09-30 16:00:00,12.8,81.0,0.0
2025-09-30 17:00:00,12.1,84.0,0.0
2025-09-30 18:00:00,11.4,92.0,0.3
2025-09-30 19:00:00,10.9,89.0,1.1
2025-09-30 20:00:00,10.6,90.0,0.2
2025-09-30 21:00:00,10.4,90.0,0.0
2025-09-30 22:00:00,9.7,90.0,0.0
2025-09-30 23:00:00,9.5,84.0,0.0
2025-10-01 00:00:00,9.2,89.0,0.0
2025-10-01 01:00:00,8.7,94.0,0.0
2025-10-01 02:00:00,8.6,99.0,0.0
2025-10-01 03:00:00,8.7,98.0,0.0
2025-10-01 04:00:00,8.7,98.0,0.0
2025-10-01 05:00:00,8.3,98.0,0.0
2025-10-01 06:00:00,8.4,98.0,0.0
2025-10-01 07:00:00,8.4,97.0,0.0
2025-10-01 08:00:00,8.8,97.0,0.0
2025-10-01 09:00:00,8.6,96.0,0.0
2025-10-01 10:00:00,8.8,93.0,0.0
2025-10-01 11:00:00,9.5,90.0,0.0
2025-10-01 12:00:00,10.4,83.0,0.0
2025-10-01 13:00:00,11.4,66.0,0.0
2025-10-01 14:00:00,12.1,60.0,0.0
2025-10-01 15:00:00,12.0,59.0,0.0
2025-10-01 16:00:00,11.8,55.0,0.0
2025-10-01 17:00:00,11.0,60.0,0.0
2025-10-01 18:00:00,9.6,64.0,0.0
2025-10-01 19:00:00,7.8,74.0,0.0
2025-10-01 20:00:00,7.0,80.0,0.0
2025-10-01 21:00:00,6.4,84.0,0.0
2025-10-01 22:00:00,6.0,89.0,0.0
2025-10-01 23:00:00,5.4,89.0,0.0
2025-10-02 00:00:00,5.1,89.0,0.0
2025-10-02 01:00:00,4.1,94.0,0.0
2025-10-02 02:00:00,4.4,92.0,0.0
2025-10-02 03:00:00,3.9,93.0,0.0
2025-10-02 04:00:00,3.6,91.0,0.0
2025-10-02 05:00:00,2.8,95.0,0.0
2025-10-02 06:00:00,3.1,95.0,0.0
2025-10-02 07:00:00,3.3,100.0,0.0
2025-10-02 08:00:00,3.9,99.0,0.0
2025-10-02 09:00:00,4.6,96.0,0.0
2025-10-02 10:00:00,5.9,89.0,0.0
2025-10-02 11:00:00,6.7,87.0,0.0
2025-10-02 12:00:00,8.0,78.0,0.0
2025-10-02 13:00:00,9.5,63.0,0.0
2025-10-02 14:00:00,10.4,64.0,0.0
2025-10-02 15:00:00,11.1,61.0,0.0
2025-10-02 16:00:00,11.5,57.0,0.0
2025-10-02 17:00:00,11.1,63.0,0.0
2025-10-02 18:00:00,9.8,70.0,0.0
2025-10-02 19:00:00,8.5,70.0,0.0
2025-10-02 20:00:00,7.7,70.0,0.0
2025-10-02 21:00:00,6.7,77.0,0.0
2025-10-02 22:00:00,5.7,80.0,0.0
2025-10-02 23:00:00,5.9,81.0,0.0
2025-10-03 00:00:00,3.9,86.0,0.0
2025-10-03 01:00:00,4.4,88.0,0.0
2025-10-03 02:00:00,4.8,85.0,0.0
2025-10-03 03:00:00,4.0,89.0,0.0
2025-10-03 04:00:00,3.9,96.0,0.0
2025-10-03 05:00:00,4.6,93.0,0.0
2025-10-03 06:00:00,3.9,98.0,0.0
2025-10-03 07:00:00,4.0,88.0,0.0
2025-10-03 08:00:00,5.0,83.0,0.0
2025-10-03 09:00:00,5.8,87.0,0.0
2025-10-03 10:00:00,7.1,85.0,0.0
2025-10-03 11:00:00,8.3,83.0,0.0
2025-10-03 12:00:00,8.9,82.0,0.0
2025-10-03 13:00:00,10.2,75.0,0.0
2025-10-03 14:00:00,10.2,78.0,0.0
2025-10-03 15:00:00,10.8,79.0,0.0
2025-10-03 16:00:00,10.3,83.0,0.0
2025-10-03 17:00:00,10.5,84.0,0.0
2025-10-03 18:00:00,9.2,90.0,0.0
2025-10-03 19:00:00,9.0,89.0,0.0
2025-10-03 20:00:00,8.8,81.0,0.0
2025-10-03 21:00:00,9.1,60.0,0.0
2025-10-03 22:00:00,9.1,68.0,0.0
2025-10-03 23:00:00,9.1,68.0,0.0
2025-10-04 00:00:00,9.4,67.0,0.0
2025-10-04 01:00:00,10.2,70.0,0.0
2025-10-04 02:00:00,10.7,68.0,0.0
2025-10-04 03:00:00,11.3,66.0,0.0
2025-10-04 04:00:00,11.5,63.0,0.0
2025-10-04 05:00:00,11.8,64.0,0.1
2025-10-04 06:00:00,12.5,66.0,0.1
2025-10-04 07:00:00,12.9,66.0,0.0
2025-10-04 08:00:00,13.9,71.0,0.0
2025-10-04 09:00:00,14.3,78.0,0.0
2025-10-04 10:00:00,16.8,69.0,0.0
2025-10-04 11:00:00,17.7,70.0,0.0
2025-10-04 12:00:00,17.4,69.0,0.0
2025-10-04 13:00:00,18.5,60.0,0.0
2025-10-04 14:00:00,18.8,60.0,0.0
2025-10-04 15:00:00,17.1,75.0,0.6
2025-10-04 16:00:00,16.8,83.0,2.5
2025-10-04 17:00:00,12.8,87.0,1.1
2025-10-04 18:00:00,10.2,86.0,4.1
2025-10-04 19:00:00,8.5,87.0,4.4
2025-10-04 20:00:00,8.6,85.0,0.3
2025-10-04 21:00:00,8.7,81.0,0.0
2025-10-04 22:00:00,8.5,81.0,0.0
2025-10-04 23:00:00,8.1,80.0,0.6
2025-10-05 00:00:00,7.7,82.0,0.3
2025-10-05 01:00:00,7.7,83.0,0.0
2025-10-05 02:00:00,7.4,83.0,0.0
2025-10-05 03:00:00,7.3,84.0,0.0
2025-10-05 04:00:00,6.7,81.0,0.0
2025-10-05 05:00:00,6.7,82.0,0.0
2025-10-05 06:00:00,6.5,82.0,0.0
2025-10-05 07:00:00,6.5,80.0,0.0
2025-10-05 08:00:00,7.2,79.0,0.0
2025-10-05 09:00:00,7.8,77.0,0.0
2025-10-05 10:00:00,8.3,73.0,0.0
2025-10-05 11:00:00,8.9,69.0,0.0
2025-10-05 12:00:00,8.9,69.0,0.0
2025-10-05 13:00:00,9.8,61.0,0.4
2025-10-05 14:00:00,8.0,78.0,1.1
2025-10-05 15:00:00,8.3,81.0,0.2
2025-10-05 16:00:00,8.8,82.0,0.2
2025-10-05 17:00:00,8.3,79.0,0.0
2025-10-05 18:00:00,7.8,81.0,0.0
2025-10-05 19:00:00,7.7,78.0,0.0
2025-10-05 20:00:00,7.5,80.0,0.1
2025-10-05 21:00:00,7.1,83.0,0.8
2025-10-05 22:00:00,7.1,84.0,0.0
2025-10-05 23:00:00,6.8,83.0,0.0
2025-10-06 00:00:00,6.8,86.0,0.4
2025-10-06 01:00:00,7.0,86.0,0.5
2025-10-06 02:00:00,7.0,86.0,0.0
2025-10-06 03:00:00,6.7,85.0,0.0
2025-10-06 04:00:00,6.4,84.0,0.0
2025-10-06 05:00:00,6.6,86.0,0.1
2025-10-06 06:00:00,6.6,86.0,0.0
2025-10-06 07:00:00,6.6,87.0,0.0
2025-10-06 08:00:00,7.0,85.0,0.0
2025-10-06 09:00:00,8.0,81.0,0.0
2025-10-06 10:00:00,8.7,80.0,0.0
2025-10-06 11:00:00,9.2,78.0,0.0
2025-10-06 12:00:00,9.5,77.0,0.0
2025-10-06 13:00:00,9.7,75.0,0.0
2025-10-06 14:00:00,10.5,66.0,0.0
2025-10-06 15:00:00,10.8,60.0,0.0
2025-10-06 16:00:00,10.1,72.0,0.0
2025-10-06 17:00:00,9.6,72.0,0.0
2025-10-06 18:00:00,9.3,75.0,0.0
2025-10-06 19:00:00,9.0,76.0,0.0
2025-10-06 20:00:00,8.7,77.0,0.0
2025-10-06 21:00:00,8.5,80.0,0.2
2025-10-06 22:00:00,8.4,82.0,0.1
2025-10-06 23:00:00,8.5,83.0,0.0
2025-10-07 00:00:00,8.6,84.0,0.0
2025-10-07 01:00:00,8.5,80.0,0.0
2025-10-07 02:00:00,8.5,77.0,0.0
2025-10-07 03:00:00,8.5,78.0,0.0
2025-10-07 04:00:00,8.4,85.0,0.0
2025-10-07 05:00:00,8.7,84.0,0.0
2025-10-07 06:00:00,8.9,81.0,0.0
2025-10-07 07:00:00,8.6,85.0,0.0
2025-10-07 08:00:00,9.3,89.0,0.0
2025-10-07 09:00:00,10.1,85.0,0.0
2025-10-07 10:00:00,11.0,80.0,0.0
2025-10-07 11:00:00,12.3,78.0,0.0
2025-10-07 12:00:00,12.1,83.0,0.0
2025-10-07 13:00:00,12.9,72.0,0.0
2025-10-07 14:00:00,13.2,68.0,0.0
2025-10-07 15:00:00,13.4,64.0,0.0
2025-10-07 16:00:00,13.7,61.0,0.0
2025-10-07 17:00:00,13.2,63.0,0.0
2025-10-07 18:00:00,12.1,66.0,0.0
2025-10-07 19:00:00,11.1,73.0,0.0
2025-10-07 20:00:00,10.3,80.0,0.0
2025-10-07 21:00:00,10.4,79.0,0.0
2025-10-07 22:00:00,9.5,86.0,0.0
2025-10-07 23:00:00,9.2,83.0,0.0
2025-10-08 00:00:00,9.0,85.0,0.0
2025-10-08 01:00:00,8.8,92.0,0.0
2025-10-08 02:00:00,8.6,95.0,0.0
2025-10-08 03:00:00,8.0,100.0,0.0
2025-10-08 04:00:00,7.7,100.0,0.0
2025-10-08 05:00:00,7.9,100.0,0.0
2025-10-08 06:00:00,8.1,100.0,0.0
2025-10-08 07:00:00,8.5,100.0,0.0
2025-10-08 08:00:00,8.6,100.0,0.0
2025-10-08 09:00:00,8.8,99.0,0.0
2025-10-08 10:00:00,10.0,93.0,0.0
2025-10-08 11:00:00,11.0,90.0,0.0
2025-10-08 12:00:00,12.0,87.0,0.0
2025-10-08 13:00:00,12.4,86.0,0.0
2025-10-08 14:00:00,13.2,80.0,0.0
2025-10-08 15:00:00,13.8,80.0,0.0
2025-10-08 16:00:00,14.5,73.0,0.0
2025-10-08 17:00:00,14.3,70.0,0.0
2025-10-08 18:00:00,12.3,88.0,0.0
2025-10-08 19:00:00,12.0,87.0,0.0
2025-10-08 20:00:00,12.0,84.0,0.0
2025-10-08 21:00:00,12.2,79.0,0.0
2025-10-08 22:00:00,12.6,83.0,0.0
2025-10-08 23:00:00,12.5,81.0,0.0
2025-10-09 00:00:00,12.0,83.0,0.0
2025-10-09 01:00:00,11.5,88.0,0.0
2025-10-09 02:00:00,11.2,91.0,0.0
2025-10-09 03:00:00,11.3,90.0,0.0
2025-10-09 04:00:00,11.5,92.0,0.0
2025-10-09 05:00:00,11.6,91.0,0.0
2025-10-09 06:00:00,11.2,93.0,0.0
2025-10-09 07:00:00,11.2,94.0,0.0
2025-10-09 08:00:00,11.4,94.0,0.0
2025-10-09 09:00:00,11.9,92.0,0.0
2025-10-09 10:00:00,12.4,90.0,0.0
2025-10-09 11:00:00,12.4,92.0,0.0
2025-10-09 12:00:00,12.0,96.0,0.0
2025-10-09 13:00:00,12.4,92.0,0.0
2025-10-09 14:00:00,13.0,87.0,0.0
2025-10-09 15:00:00,12.8,87.0,0.0
2025-10-09 16:00:00,12.6,91.0,0.0
2025-10-09 17:00:00,12.2,94.0,0.0
2025-10-09 18:00:00,11.9,95.0,0.0
2025-10-09 19:00:00,12.2,98.0,0.0
2025-10-09 20:00:00,12.1,96.0,0.0
2025-10-09 21:00:00,11.7,94.0,0.0
2025-10-09 22:00:00,11.2,96.0,0.0
2025-10-09 23:00:00,10.9,99.0,0.0
2025-10-10 00:00:00,10.9,99.0,0.0
2025-10-10 01:00:00,10.6,98.0,0.0
2025-10-10 02:00:00,10.2,98.0,0.0
2025-10-10 03:00:00,9.9,99.0,0.0
2025-10-10 04:00:00,9.9,100.0,0.0
2025-10-10 05:00:00,9.7,100.0,0.0
2025-10-10 06:00:00,9.4,100.0,0.0
2025-10-10 07:00:00,8.8,100.0,0.0
2025-10-10 08:00:00,8.6,100.0,0.0
2025-10-10 09:00:00,8.6,100.0,0.0
2025-10-10 10:00:00,9.0,98.0,0.0
2025-10-10 11:00:00,10.8,90.0,0.0
2025-10-10 12:00:00,11.5,90.0,0.0
2025-10-10 13:00:00,12.0,86.0,0.0
2025-10-10 14:00:00,12.6,85.0,0.0
2025-10-10 15:00:00,12.7,84.0,0.0
2025-10-10 16:00:00,12.9,84.0,0.0
2025-10-10 17:00:00,12.7,83.0,0.0
2025-10-10 18:00:00,12.0,84.0,0.0
2025-10-10 19:00:00,11.1,87.0,0.0
2025-10-10 20:00:00,10.1,92.0,0.0
2025-10-10 21:00:00,9.5,94.0,0.0
2025-10-10 22:00:00,9.3,97.0,0.0
2025-10-10 23:00:00,9.1,98.0,0.0
2025-10-11 00:00:00,9.1,98.0,0.0
2025-10-11 01:00:00,9.1,98.0,0.0
2025-10-11 02:00:00,9.2,97.0,0.0
2025-10-11 03:00:00,9.1,97.0,0.0
2025-10-11 04:00:00,9.3,97.0,0.0
2025-10-11 05:00:00,9.3,97.0,0.0
2025-10-11 06:00:00,9.3,97.0,0.0
2025-10-11 07:00:00,9.2,97.0,0.0
2025-10-11 08:00:00,9.4,95.0,0.0
2025-10-11 09:00:00,9.9,93.0,0.0
2025-10-11 10:00:00,10.1,93.0,0.0
2025-10-11 11:00:00,10.5,89.0,0.0
2025-10-11 12:00:00,10.8,87.0,0.0
2025-10-11 13:00:00,10.9,86.0,0.0
2025-10-11 14:00:00,11.5,81.0,0.0
2025-10-11 15:00:00,11.6,80.0,0.0
2025-10-11 16:00:00,12.4,75.0,0.0
2025-10-11 17:00:00,12.0,80.0,0.0
2025-10-11 18:00:00,11.1,84.0,0.0
2025-10-11 19:00:00,10.0,85.0,0.0
2025-10-11 20:00:00,10.3,85.0,0.0
2025-10-11 21:00:00,10.1,88.0,0.0
2025-10-11 22:00:00,9.0,93.0,0.0
2025-10-11 23:00:00,8.9,94.0,0.0
2025-10-12 00:00:00,8.5,94.0,0.0
2025-10-12 01:00:00,9.0,97.0,0.0
2025-10-12 02:00:00,8.8,97.0,0.0
2025-10-12 03:00:00,8.5,96.0,0.0
2025-10-12 04:00:00,8.4,94.0,0.0
2025-10-12 05:00:00,8.0,93.0,0.0
2025-10-12 06:00:00,7.6,91.0,0.0
2025-10-12 07:00:00,7.8,86.0,0.0
2025-10-12 08:00:00,8.3,89.0,0.0
2025-10-12 09:00:00,9.1,86.0,0.0
2025-10-12 10:00:00,9.9,86.0,0.0
2025-10-12 11:00:00,11.0,82.0,0.0
2025-10-12 12:00:00,11.2,83.0,0.0
2025-10-12 13:00:00,11.4,76.0,0.0
2025-10-12 14:00:00,11.9,73.0,0.0
2025-10-12 15:00:00,12.0,74.0,0.0
2025-10-12 16:00:00,12.3,74.0,0.0
2025-10-12 17:00:00,12.1,76.0,0.0
2025-10-12 18:00:00,11.5,82.0,0.0
2025-10-12 19:00:00,11.0,86.0,0.0
2025-10-12 20:00:00,10.7,87.0,0.0
2025-10-12 21:00:00,9.7,90.0,0.0
2025-10-12 22:00:00,8.9,91.0,0.0
2025-10-12 23:00:00,8.7,90.0,0.0
2025-10-13 00:00:00,8.4,91.0,0.0
2025-10-13 01:00:00,8.2,95.0,0.0
2025-10-13 02:00:00,7.7,97.0,0.0
2025-10-13 03:00:00,7.3,100.0,0.0
2025-10-13 04:00:00,7.1,98.0,0.0
2025-10-13 05:00:00,7.1,97.0,0.0
2025-10-13 06:00:00,7.1,97.0,0.0
2025-10-13 07:00:00,6.7,96.0,0.0
2025-10-13 08:00:00,6.9,99.0,0.0
2025-10-13 09:00:00,7.6,96.0,0.0
2025-10-13 10:00:00,8.3,92.0,0.0
2025-10-13 11:00:00,8.9,90.0,0.0
2025-10-13 12:00:00,10.1,83.0,0.0
2025-10-13 13:00:00,10.2,85.0,0.0
2025-10-13 14:00:00,10.2,89.0,0.0
2025-10-13 15:00:00,10.6,87.0,0.0
2025-10-13 16:00:00,9.8,91.0,0.0
2025-10-13 17:00:00,9.9,92.0,0.0
2025-10-13 18:00:00,9.8,92.0,0.0
2025-10-13 19:00:00,9.8,92.0,0.0
2025-10-13 20:00:00,9.8,92.0,0.0
2025-10-13 21:00:00,9.7,92.0,0.0
2025-10-13 22:00:00,9.7,92.0,0.0
2025-10-13 23:00:00,9.7,93.0,0.0
2025-10-14 00:00:00,9.6,93.0,0.0
2025-10-14 01:00:00,9.6,91.0,0.0
2025-10-14 02:00:00,9.5,91.0,0.0
2025-10-14 03:00:00,9.2,91.0,0.0
2025-10-14 04:00:00,8.9,91.0,0.0
2025-10-14 05:00:00,8.7,93.0,0.0
2025-10-14 06:00:00,8.2,95.0,0.0
2025-10-14 07:00:00,8.2,96.0,0.0
2025-10-14 08:00:00,8.7,93.0,0.0
2025-10-14 09:00:00,8.8,93.0,0.0
2025-10-14 10:00:00,9.2,91.0,0.0
2025-10-14 11:00:00,9.5,89.0,0.0
2025-10-14 12:00:00,10.2,84.0,0.0
2025-10-14 13:00:00,10.2,84.0,0.0
2025-10-14 14:00:00,10.4,80.0,0.0
2025-10-14 15:00:00,10.9,77.0,0.0
2025-10-14 16:00:00,10.8,77.0,0.0
2025-10-14 17:00:00,10.6,78.0,0.0
2025-10-14 18:00:00,9.8,82.0,0.0
2025-10-14 19:00:00,9.5,84.0,0.0
2025-10-14 20:00:00,9.1,84.0,0.0
2025-10-14 21:00:00,8.9,86.0,0.0
2025-10-14 22:00:00,7.7,93.0,0.0
2025-10-14 23:00:00,7.7,93.0,0.0
2025-10-15 00:00:00,7.8,96.0,0.0
2025-10-15 01:00:00,7.3,97.0,0.0
2025-10-15 02:00:00,7.0,100.0,0.0
2025-10-15 03:00:00,6.7,100.0,0.0
2025-10-15 04:00:00,6.1,100.0,0.0
2025-10-15 05:00:00,5.8,98.0,0.0
2025-10-15 06:00:00,5.3,100.0,0.0
2025-10-15 07:00:00,5.4,98.0,0.0
2025-10-15 08:00:00,5.7,97.0,0.0
2025-10-15 09:00:00,5.9,97.0,0.0
2025-10-15 10:00:00,6.8,95.0,0.0
2025-10-15 11:00:00,8.2,88.0,0.0
2025-10-15 12:00:00,9.4,81.0,0.0
2025-10-15 13:00:00,10.5,76.0,0.0
2025-10-15 14:00:00,11.0,77.0,0.0
2025-10-15 15:00:00,11.4,74.0,0.0
2025-10-15 16:00:00,11.5,72.0,0.0
2025-10-15 17:00:00,10.9,79.0,0.0
2025-10-15 18:00:00,10.7,79.0,0.0
2025-10-15 19:00:00,10.3,84.0,0.0
2025-10-15 20:00:00,9.3,91.0,0.0
2025-10-15 21:00:00,8.9,94.0,0.0
2025-10-15 22:00:00,8.7,97.0,0.0
2025-10-15 23:00:00,8.6,96.0,0.0
2025-10-16 00:00:00,8.3,96.0,0.0
2025-10-16 01:00:00,7.5,97.0,0.0
2025-10-16 02:00:00,7.1,97.0,0.0
2025-10-16 03:00:00,6.9,97.0,0.0
2025-10-16 04:00:00,7.1,98.0,0.0
2025-10-16 05:00:00,7.0,98.0,0.0
2025-10-16 06:00:00,6.8,99.0,0.0
2025-10-16 07:00:00,6.9,100.0,0.0
2025-10-16 08:00:00,6.9,100.0,0.0
2025-10-16 09:00:00,6.9,100.0,0.0
2025-10-16 10:00:00,7.0,98.0,0.0
2025-10-16 11:00:00,7.6,95.0,0.0
2025-10-16 12:00:00,8.4,91.0,0.0
2025-10-16 13:00:00,9.0,87.0,0.0
2025-10-16 14:00:00,9.7,82.0,0.0
2025-10-16 15:00:00,10.3,77.0,0.0
2025-10-16 16:00:00,10.3,76.0,0.0
2025-10-16 17:00:00,10.1,80.0,0.0
2025-10-16 18:00:00,9.8,82.0,0.0
2025-10-16 19:00:00,9.0,88.0,0.0
2025-10-16 20:00:00,8.7,89.0,0.0
2025-10-16 21:00:00,7.8,95.0,0.0
2025-10-16 22:00:00,7.6,93.0,0.0
2025-10-16 23:00:00,7.2,95.0,0.0
2025-10-17 00:00:00,6.5,96.0,0.0
2025-10-17 01:00:00,6.2,96.0,0.0
2025-10-17 02:00:00,6.2,95.0,0.0
2025-10-17 03:00:00,6.2,94.0,0.0
2025-10-17 04:00:00,6.5,92.0,0.0
2025-10-17 05:00:00,6.5,92.0,0.0
2025-10-17 06:00:00,6.5,93.0,0.0
2025-10-17 07:00:00,6.6,95.0,0.0
2025-10-17 08:00:00,6.7,94.0,0.0
2025-10-17 09:00:00,7.0,95.0,0.0
2025-10-17 10:00:00,7.5,90.0,0.0
2025-10-17 11:00:00,8.6,84.0,0.0
2025-10-17 12:00:00,9.5,77.0,0.0
2025-10-17 13:00:00,9.9,75.0,0.0
2025-10-17 14:00:00,10.4,72.0,0.0
2025-10-17 15:00:00,10.6,71.0,0.0
2025-10-17 16:00:00,10.1,72.0,0.0
2025-10-17 17:00:00,9.7,78.0,0.0
2025-10-17 18:00:00,9.1,84.0,0.0
2025-10-17 19:00:00,9.2,81.0,0.0
2025-10-17 20:00:00,8.9,82.0,0.0
2025-10-17 21:00:00,8.7,85.0,0.0
2025-10-17 22:00:00,8.3,87.0,0.0
2025-10-17 23:00:00,8.3,90.0,0.0
2025-10-18 00:00:00,8.1,92.0,0.0
2025-10-18 01:00:00,7.6,93.0,0.0
2025-10-18 02:00:00,7.5,94.0,0.0
2025-10-18 03:00:00,7.3,94.0,0.0
2025-10-18 04:00:00,6.7,92.0,0.0
2025-10-18 05:00:00,6.0,93.0,0.0
2025-10-18 06:00:00,6.0,93.0,0.0
2025-10-18 07:00:00,4.8,90.0,0.0
2025-10-18 08:00:00,6.1,88.0,0.0
2025-10-18 09:00:00,7.0,81.0,0.0
2025-10-18 10:00:00,8.2,80.0,0.0
2025-10-18 11:00:00,9.1,79.0,0.0
2025-10-18 12:00:00,9.7,78.0,0.0
2025-10-18 13:00:00,11.2,63.0,0.0
2025-10-18 14:00:00,11.7,61.0,0.0
2025-10-18 15:00:00,11.9,60.0,0.0
2025-10-18 16:00:00,11.9,64.0,0.0
2025-10-18 17:00:00,11.0,66.0,0.0
2025-10-18 18:00:00,9.4,74.0,0.0
2025-10-18 19:00:00,8.2,80.0,0.0
2025-10-18 20:00:00,7.4,85.0,0.0
2025-10-18 21:00:00,6.9,83.0,0.0
2025-10-18 22:00:00,5.3,88.0,0.0
2025-10-18 23:00:00,5.5,86.0,0.0
2025-10-19 00:00:00,5.6,84.0,0.0
2025-10-19 01:00:00,4.7,87.0,0.0
2025-10-19 02:00:00,5.2,86.0,0.0
2025-10-19 03:00:00,5.4,84.0,0.0
2025-10-19 04:00:00,5.3,80.0,0.0
2025-10-19 05:00:00,4.6,82.0,0.0
2025-10-19 06:00:00,4.1,84.0,0.0
2025-10-19 07:00:00,4.5,91.0,0.0
2025-10-19 08:00:00,5.6,84.0,0.0
2025-10-19 09:00:00,7.6,80.0,0.0
2025-10-19 10:00:00,7.4,82.0,0.0
2025-10-19 11:00:00,9.1,80.0,0.0
2025-10-19 12:00:00,10.0,77.0,0.0
2025-10-19 13:00:00,11.0,78.0,0.0
2025-10-19 14:00:00,11.8,82.0,0.0
2025-10-19 15:00:00,12.1,78.0,0.0
2025-10-19 16:00:00,11.6,71.0,0.0
2025-10-19 17:00:00,11.1,80.0,0.0
2025-10-19 18:00:00,9.7,88.0,0.0
2025-10-19 19:00:00,9.2,73.0,0.0
2025-10-19 20:00:00,9.2,72.0,0.0
2025-10-19 21:00:00,9.5,72.0,0.0
2025-10-19 22:00:00,9.8,64.0,0.0
2025-10-19 23:00:00,9.5,53.0,0.0
2025-10-20 00:00:00,9.4,49.0,0.0
2025-10-20 01:00:00,9.0,58.0,0.0
2025-10-20 02:00:00,9.3,56.0,0.0
2025-10-20 03:00:00,8.7,64.0,0.0
2025-10-20 04:00:00,9.3,58.0,0.0
2025-10-20 05:00:00,8.1,67.0,0.0
2025-10-20 06:00:00,9.0,60.0,0.0
2025-10-20 07:00:00,9.7,57.0,0.0
2025-10-20 08:00:00,9.9,63.0,0.0
2025-10-20 09:00:00,11.8,52.0,0.0
2025-10-20 10:00:00,12.2,62.0,0.0
2025-10-20 11:00:00,13.1,51.0,0.0
2025-10-20 12:00:00,13.1,61.0,0.0
2025-10-20 13:00:00,13.1,65.0,0.0
2025-10-20 14:00:00,12.9,70.0,0.1
2025-10-20 15:00:00,12.9,77.0,0.3
2025-10-20 16:00:00,14.6,57.0,0.0
2025-10-20 17:00:00,12.3,82.0,0.0
2025-10-20 18:00:00,12.0,79.0,0.0
2025-10-20 19:00:00,12.5,69.0,0.0
2025-10-20 20:00:00,11.0,80.0,0.0
2025-10-20 21:00:00,10.6,74.0,0.0
2025-10-20 22:00:00,9.4,83.0,0.0
2025-10-20 23:00:00,9.6,76.0,0.0
2025-10-21 00:00:00,10.2,71.0,0.0
2025-10-21 01:00:00,9.9,77.0,0.0
2025-10-21 02:00:00,9.7,79.0,0.0
2025-10-21 03:00:00,9.7,78.0,0.1
2025-10-21 04:00:00,10.0,76.0,0.3
2025-10-21 05:00:00,9.9,76.0,0.0
2025-10-21 06:00:00,9.9,76.0,0.0
2025-10-21 07:00:00,9.6,78.0,0.0
2025-10-21 08:00:00,10.9,69.0,0.0
2025-10-21 09:00:00,12.1,68.0,0.0
2025-10-21 10:00:00,12.9,68.0,0.0
2025-10-21 11:00:00,13.9,61.0,0.0
2025-10-21 12:00:00,14.4,64.0,0.0
2025-10-21 13:00:00,14.4,68.0,0.0
2025-10-21 14:00:00,15.0,69.0,0.0
2025-10-21 15:00:00,14.8,76.0,0.0
2025-10-21 16:00:00,15.4,61.0,0.0
2025-10-21 17:00:00,14.7,63.0,0.0
2025-10-21 18:00:00,13.6,63.0,0.0
2025-10-21 19:00:00,12.6,76.0,0.0
2025-10-21 20:00:00,11.9,81.0,0.0
2025-10-21 21:00:00,11.4,85.0,0.0
2025-10-21 22:00:00,11.4,86.0,0.0
2025-10-21 23:00:00,11.5,84.0,0.0
2025-10-22 00:00:00,12.0,74.0,0.0
2025-10-22 01:00:00,11.5,79.0,0.3
2025-10-22 02:00:00,11.0,82.0,0.0
2025-10-22 03:00:00,11.7,76.0,0.0
2025-10-22 04:00:00,10.4,88.0,0.0
2025-10-22 05:00:00,10.2,86.0,0.0
2025-10-22 06:00:00,10.7,83.0,0.3
2025-10-22 07:00:00,11.1,81.0,0.3
2025-10-22 08:00:00,10.9,84.0,0.9
2025-10-22 09:00:00,12.2,81.0,3.3
2025-10-22 10:00:00,12.3,85.0,3.5
2025-10-22 11:00:00,12.6,84.0,0.9
2025-10-22 12:00:00,14.0,78.0,0.0
2025-10-22 13:00:00,15.2,74.0,0.0
2025-10-22 14:00:00,15.4,73.0,0.0
2025-10-22 15:00:00,16.0,70.0,0.0
2025-10-22 16:00:00,15.4,72.0,0.0
2025-10-22 17:00:00,14.0,77.0,0.0
2025-10-22 18:00:00,13.1,77.0,0.0
2025-10-22 19:00:00,13.4,75.0,0.0
2025-10-22 20:00:00,12.7,76.0,0.0
2025-10-22 21:00:00,13.2,74.0,0.0
2025-10-22 22:00:00,13.2,75.0,0.1
2025-10-22 23:00:00,12.4,78.0,0.0
2025-10-23 00:00:00,13.0,74.0,0.0
2025-10-23 01:00:00,13.1,75.0,0.0
2025-10-23 02:00:00,12.3,83.0,0.3
2025-10-23 03:00:00,12.8,80.0,1.5
2025-10-23 04:00:00,13.9,67.0,0.5
2025-10-23 05:00:00,14.2,64.0,0.0
2025-10-23 06:00:00,14.6,59.0,0.0
2025-10-23 07:00:00,15.5,53.0,0.1
2025-10-23 08:00:00,15.7,51.0,0.0
2025-10-23 09:00:00,15.2,58.0,0.1
2025-10-23 10:00:00,14.5,67.0,1.1
2025-10-23 11:00:00,11.6,80.0,1.0
2025-10-23 12:00:00,9.4,91.0,4.2
2025-10-23 13:00:00,8.8,88.0,2.6
2025-10-23 14:00:00,9.5,78.0,0.9
2025-10-23 15:00:00,9.9,63.0,0.0
2025-10-23 16:00:00,10.4,59.0,0.0
2025-10-23 17:00:00,9.3,61.0,0.0
2025-10-23 18:00:00,8.6,66.0,0.0
2025-10-23 19:00:00,8.6,70.0,0.0
2025-10-23 20:00:00,8.4,69.0,0.0
2025-10-23 21:00:00,8.1,70.0,0.0
2025-10-23 22:00:00,8.1,76.0,0.0
2025-10-23 23:00:00,7.4,81.0,0.4
2025-10-24 00:00:00,7.1,82.0,0.2
2025-10-24 01:00:00,6.8,80.0,0.4
2025-10-24 02:00:00,6.4,76.0,0.2
2025-10-24 03:00:00,6.2,76.0,0.1
2025-10-24 04:00:00,5.9,74.0,0.1
2025-10-24 05:00:00,5.7,72.0,0.0
2025-10-24 06:00:00,5.3,72.0,0.0
2025-10-24 07:00:00,5.3,74.0,0.0
2025-10-24 08:00:00,5.4,76.0,0.0
2025-10-24 09:00:00,5.8,74.0,0.0
2025-10-24 10:00:00,6.3,74.0,0.0
2025-10-24 11:00:00,7.0,71.0,0.0
2025-10-24 12:00:00,7.6,70.0,0.2
2025-10-24 13:00:00,8.5,58.0,0.0
2025-10-24 14:00:00,8.9,56.0,0.0
2025-10-24 15:00:00,9.0,55.0,0.0
2025-10-24 16:00:00,8.8,51.0,0.0
2025-10-24 17:00:00,7.9,56.0,0.0
2025-10-24 18:00:00,6.9,61.0,0.0
2025-10-24 19:00:00,6.7,61.0,0.0
2025-10-24 20:00:00,6.6,65.0,0.0
2025-10-24 21:00:00,6.4,65.0,0.0
2025-10-24 22:00:00,6.4,69.0,0.0
2025-10-24 23:00:00,6.9,64.0,0.0
2025-10-25 00:00:00,7.2,61.0,0.0
2025-10-25 01:00:00,6.9,72.0,0.6
2025-10-25 02:00:00,6.1,80.0,0.3
2025-10-25 03:00:00,7.0,78.0,0.0
2025-10-25 04:00:00,6.6,83.0,0.3
2025-10-25 05:00:00,6.7,82.0,0.0
2025-10-25 06:00:00,6.8,82.0,0.0
2025-10-25 07:00:00,7.0,75.0,0.0
2025-10-25 08:00:00,7.8,72.0,0.1
2025-10-25 09:00:00,8.9,68.0,0.0
2025-10-25 10:00:00,9.8,66.0,0.0
2025-10-25 11:00:00,9.5,73.0,0.3
2025-10-25 12:00:00,8.7,75.0,0.1
2025-10-25 13:00:00,7.7,82.0,1.1
2025-10-25 14:00:00,7.5,82.0,1.9
2025-10-25 15:00:00,7.7,79.0,1.1
2025-10-25 16:00:00,7.1,83.0,0.4
2025-10-25 17:00:00,7.2,82.0,0.0
2025-10-25 18:00:00,7.3,85.0,0.2
2025-10-25 19:00:00,7.2,85.0,0.0
2025-10-25 20:00:00,7.3,82.0,0.1
2025-10-25 21:00:00,6.7,81.0,0.1
2025-10-25 22:00:00,6.7,81.0,0.7
2025-10-25 23:00:00,6.9,80.0,0.0
2025-10-26 00:00:00,6.6,85.0,0.4
2025-10-26 01:00:00,6.6,87.0,0.8
2025-10-26 02:00:00,6.5,85.0,0.0
2025-10-26 03:00:00,6.5,86.0,0.0
2025-10-26 04:00:00,6.8,87.0,0.1
2025-10-26 05:00:00,6.6,86.0,0.2
2025-10-26 06:00:00,6.1,91.0,0.9
2025-10-26 07:00:00,5.7,88.0,1.3
2025-10-26 08:00:00,5.5,87.0,0.4
2025-10-26 09:00:00,5.3,88.0,0.5
2025-10-26 10:00:00,5.2,85.0,0.1
2025-10-26 11:00:00,5.1,84.0,0.1
2025-10-26 12:00:00,6.1,77.0,0.0
2025-10-26 13:00:00,6.5,61.0,0.0
2025-10-26 14:00:00,6.8,61.0,0.0
2025-10-26 15:00:00,7.0,63.0,0.0
2025-10-26 16:00:00,7.0,66.0,0.0
2025-10-26 17:00:00,6.4,65.0,0.0
2025-10-26 18:00:00,5.7,72.0,0.0
2025-10-26 19:00:00,5.6,75.0,0.0
2025-10-26 20:00:00,5.0,79.0,0.0
2025-10-26 21:00:00,4.7,81.0,0.0
2025-10-26 22:00:00,4.9,80.0,0.0
2025-10-26 23:00:00,4.6,79.0,0.0
2025-10-27 00:00:00,4.5,76.0,0.0
2025-10-27 01:00:00,4.6,76.0,0.0
2025-10-27 02:00:00,4.6,76.0,0.0
2025-10-27 03:00:00,4.8,73.0,0.0
2025-10-27 04:00:00,4.9,77.0,0.1
2025-10-27 05:00:00,4.6,78.0,0.3
2025-10-27 06:00:00,4.2,84.0,0.4
2025-10-27 07:00:00,4.1,83.0,0.4
2025-10-27 08:00:00,4.4,83.0,0.4
2025-10-27 09:00:00,4.8,83.0,0.4
2025-10-27 10:00:00,4.9,84.0,0.9
2025-10-27 11:00:00,5.4,85.0,0.7
2025-10-27 12:00:00,6.0,83.0,0.6
2025-10-27 13:00:00,6.1,83.0,0.2
2025-10-27 14:00:00,6.4,83.0,0.6
2025-10-27 15:00:00,6.7,82.0,0.3
2025-10-27 16:00:00,6.3,85.0,0.1
2025-10-27 17:00:00,6.5,87.0,1.4
2025-10-27 18:00:00,6.6,87.0,0.4
2025-10-27 19:00:00,6.6,89.0,0.0
2025-10-27 20:00:00,6.7,88.0,0.0
2025-10-27 21:00:00,6.6,86.0,0.0
2025-10-27 22:00:00,6.7,86.0,0.2
2025-10-27 23:00:00,6.6,85.0,0.4
2025-10-28 00:00:00,6.6,86.0,0.2
2025-10-28 01:00:00,6.4,84.0,0.6
2025-10-28 02:00:00,6.5,83.0,0.0
2025-10-28 03:00:00,6.6,82.0,0.0
2025-10-28 04:00:00,6.6,85.0,0.0
2025-10-28 05:00:00,6.9,86.0,0.0
2025-10-28 06:00:00,6.9,83.0,0.0
2025-10-28 07:00:00,7.0,81.0,0.0
2025-10-28 08:00:00,7.7,73.0,0.0
2025-10-28 09:00:00,8.7,70.0,0.0
2025-10-28 10:00:00,10.1,62.0,0.0
2025-10-28 11:00:00,11.3,58.0,0.0
2025-10-28 12:00:00,11.8,61.0,0.0
2025-10-28 13:00:00,12.5,54.0,0.0
2025-10-28 14:00:00,12.8,54.0,0.0
2025-10-28 15:00:00,12.8,59.0,0.0
2025-10-28 16:00:00,12.4,60.0,0.0
2025-10-28 17:00:00,11.2,68.0,0.0
2025-10-28 18:00:00,10.2,72.0,0.0
2025-10-28 19:00:00,10.0,75.0,0.0
2025-10-28 20:00:00,9.1,80.0,0.0
2025-10-28 21:00:00,8.6,84.0,0.0
2025-10-28 22:00:00,7.8,87.0,0.0
2025-10-28 23:00:00,7.4,88.0,0.0
2025-10-29 00:00:00,7.7,86.0,0.0
2025-10-29 01:00:00,7.7,82.0,0.0
2025-10-29 02:00:00,7.1,83.0,0.0
2025-10-29 03:00:00,6.3,86.0,0.0
2025-10-29 04:00:00,5.4,91.0,0.0
2025-10-29 05:00:00,5.4,89.0,0.0
2025-10-29 06:00:00,5.3,86.0,0.0
2025-10-29 07:00:00,4.1,91.0,0.0
2025-10-29 08:00:00,4.3,85.0,0.0
2025-10-29 09:00:00,6.4,78.0,0.0
2025-10-29 10:00:00,8.5,84.0,0.0
2025-10-29 11:00:00,10.1,82.0,0.0
2025-10-29 12:00:00,11.1,81.0,0.0
2025-10-29 13:00:00,11.8,79.0,0.0
2025-10-29 14:00:00,12.2,77.0,0.0
2025-10-29 15:00:00,12.5,82.0,0.0
2025-10-29 16:00:00,11.6,74.0,0.0
2025-10-29 17:00:00,10.6,85.0,0.0
2025-10-29 18:00:00,9.3,91.0,0.0
2025-10-29 19:00:00,8.8,85.0,0.0
2025-10-29 20:00:00,8.2,91.0,0.0
2025-10-29 21:00:00,9.1,79.0,0.0
2025-10-29 22:00:00,8.3,88.0,0.0
2025-10-29 23:00:00,8.9,89.0,0.1
2025-10-30 00:00:00,8.9,92.0,0.5
2025-10-30 01:00:00,9.6,88.0,1.3
2025-10-30 02:00:00,10.2,79.0,0.3
2025-10-30 03:00:00,10.9,75.0,0.4
2025-10-30 04:00:00,10.6,80.0,0.0
2025-10-30 05:00:00,9.3,90.0,0.0
2025-10-30 06:00:00,10.6,80.0,0.3
2025-10-30 07:00:00,10.6,82.0,0.1
2025-10-30 08:00:00,10.4,85.0,0.0
2025-10-30 09:00:00,10.3,89.0,0.0
2025-10-30 10:00:00,10.5,89.0,0.0
2025-10-30 11:00:00,10.6,88.0,0.0
2025-10-30 12:00:00,10.8,86.0,0.0
2025-10-30 13:00:00,10.5,85.0,0.0
2025-10-30 14:00:00,11.3,82.0,0.0
2025-10-30 15:00:00,11.7,80.0,0.0
2025-10-30 16:00:00,11.2,82.0,0.0
2025-10-30 17:00:00,10.3,87.0,0.0
2025-10-30 18:00:00,9.0,92.0,0.0
2025-10-30 19:00:00,7.9,92.0,0.0
2025-10-30 20:00:00,8.3,92.0,0.0
2025-10-30 21:00:00,8.3,92.0,0.0
2025-10-30 22:00:00,7.3,93.0,0.0
2025-10-30 23:00:00,6.7,96.0,0.0
2025-10-31 00:00:00,6.0,99.0,0.0
2025-10-31 01:00:00,5.9,97.0,0.0
2025-10-31 02:00:00,5.8,95.0,0.0
2025-10-31 03:00:00,5.9,95.0,0.0
2025-10-31 04:00:00,6.2,94.0,0.0
2025-10-31 05:00:00,5.9,92.0,0.0
2025-10-31 06:00:00,6.0,92.0,0.0
2025-10-31 07:00:00,5.0,94.0,0.0
2025-10-31 08:00:00,6.7,91.0,0.0
2025-10-31 09:00:00,7.8,91.0,0.0
2025-10-31 10:00:00,8.8,89.0,0.0
2025-10-31 11:00:00,10.0,86.0,0.0
2025-10-31 12:00:00,11.1,80.0,0.0
2025-10-31 13:00:00,12.7,71.0,0.0
2025-10-31 14:00:00,13.4,81.0,0.0
2025-10-31 15:00:00,13.7,82.0,0.0
2025-10-31 16:00:00,13.4,88.0,0.0
2025-10-31 17:00:00,12.3,90.0,0.0
2025-10-31 18:00:00,10.6,94.0,0.0
2025-10-31 19:00:00,9.9,87.0,0.0
2025-10-31 20:00:00,9.7,88.0,0.0
2025-10-31 21:00:00,10.8,82.0,0.0
2025-10-31 22:00:00,10.5,84.0,0.0
2025-10-31 23:00:00,10.5,82.0,0.0
2025-11-01 00:00:00,10.0,83.0,0.0
2025-11-01 01:00:00,10.2,82.0,0.0
2025-11-01 02:00:00,9.7,84.0,0.0
2025-11-01 03:00:00,8.4,91.0,0.0
2025-11-01 04:00:00,9.5,82.0,0.0
2025-11-01 05:00:00,10.4,75.0,0.0
2025-11-01 06:00:00,9.2,76.0,0.0
2025-11-01 07:00:00,8.2,82.0,0.0
2025-11-01 08:00:00,8.3,82.0,0.0
2025-11-01 09:00:00,9.4,83.0,0.0
2025-11-01 10:00:00,11.7,74.0,0.0
2025-11-01 11:00:00,13.0,69.0,0.0
2025-11-01 12:00:00,14.3,65.0,0.0
2025-11-01 13:00:00,16.1,58.0,0.0
2025-11-01 14:00:00,15.5,69.0,0.0
2025-11-01 15:00:00,14.6,81.0,0.0
2025-11-01 16:00:00,14.6,78.0,0.0
2025-11-01 17:00:00,12.8,90.0,0.0
2025-11-01 18:00:00,13.0,75.0,0.0
2025-11-01 19:00:00,12.4,84.0,0.1
2025-11-01 20:00:00,12.5,84.0,0.0
2025-11-01 21:00:00,12.7,78.0,0.0
2025-11-01 22:00:00,12.7,81.0,0.0
2025-11-01 23:00:00,12.6,79.0,0.0
2025-11-02 00:00:00,12.4,80.0,0.0
2025-11-02 01:00:00,11.5,84.0,0.0
2025-11-02 02:00:00,12.0,87.0,0.2
2025-11-02 03:00:00,12.0,86.0,0.1
2025-11-02 04:00:00,11.6,90.0,1.5
2025-11-02 05:00:00,11.0,95.0,0.5
2025-11-02 06:00:00,11.1,92.0,0.5
2025-11-02 07:00:00,10.9,95.0,1.7
2025-11-02 08:00:00,9.8,99.0,1.3
2025-11-02 09:00:00,9.9,92.0,2.4
2025-11-02 10:00:00,10.4,86.0,0.4
2025-11-02 11:00:00,11.0,83.0,0.4
2025-11-02 12:00:00,10.6,81.0,0.8
2025-11-02 13:00:00,10.4,82.0,1.2
2025-11-02 14:00:00,9.7,82.0,2.0
2025-11-02 15:00:00,9.2,79.0,0.8
2025-11-02 16:00:00,8.8,77.0,0.4
2025-11-02 17:00:00,8.3,81.0,1.0
2025-11-02 18:00:00,8.2,82.0,0.6
2025-11-02 19:00:00,8.1,80.0,0.0
2025-11-02 20:00:00,7.9,80.0,0.0
2025-11-02 21:00:00,7.7,85.0,0.2
2025-11-02 22:00:00,7.6,83.0,0.0
2025-11-02 23:00:00,7.2,84.0,0.0
2025-11-03 00:00:00,6.5,84.0,0.0
2025-11-03 01:00:00,6.1,83.0,0.0
2025-11-03 02:00:00,6.4,84.0,0.1
2025-11-03 03:00:00,6.3,82.0,0.3
2025-11-03 04:00:00,6.2,84.0,0.2
2025-11-03 05:00:00,6.2,84.0,0.0
2025-11-03 06:00:00,5.8,85.0,0.0
2025-11-03 07:00:00,5.7,84.0,0.0
2025-11-03 08:00:00,5.9,81.0,0.0
2025-11-03 09:00:00,7.1,77.0,0.0
2025-11-03 10:00:00,8.3,70.0,0.0
2025-11-03 11:00:00,9.2,66.0,0.0
2025-11-03 12:00:00,9.8,65.0,0.0
2025-11-03 13:00:00,10.3,59.0,0.0
2025-11-03 14:00:00,10.7,54.0,0.0
2025-11-03 15:00:00,10.6,56.0,0.0
2025-11-03 16:00:00,10.1,56.0,0.0
2025-11-03 17:00:00,8.9,65.0,0.0
2025-11-03 18:00:00,7.9,67.0,0.0
2025-11-03 19:00:00,7.2,71.0,0.0
2025-11-03 20:00:00,6.4,73.0,0.0
2025-11-03 21:00:00,6.2,71.0,0.0
2025-11-03 22:00:00,5.4,71.0,0.0
2025-11-03 23:00:00,5.7,67.0,0.0
2025-11-04 00:00:00,6.7,65.0,0.0
2025-11-04 01:00:00,6.8,61.0,0.0
2025-11-04 02:00:00,6.9,64.0,0.0
2025-11-04 03:00:00,5.3,71.0,0.0
2025-11-04 04:00:00,5.0,72.0,0.0
2025-11-04 05:00:00,4.3,76.0,0.0
2025-11-04 06:00:00,4.7,73.0,0.0
2025-11-04 07:00:00,4.7,75.0,0.0
2025-11-04 08:00:00,4.9,75.0,0.0
2025-11-04 09:00:00,4.9,78.0,0.0
2025-11-04 10:00:00,6.8,69.0,0.0
2025-11-04 11:00:00,8.9,63.0,0.0
2025-11-04 12:00:00,9.5,68.0,0.0
2025-11-04 13:00:00,10.3,70.0,0.0
2025-11-04 14:00:00,10.8,70.0,0.0
2025-11-04 15:00:00,10.9,74.0,0.0
2025-11-04 16:00:00,10.3,73.0,0.0
2025-11-04 17:00:00,10.2,77.0,0.0
2025-11-04 18:00:00,8.4,83.0,0.0
2025-11-04 19:00:00,8.1,84.0,0.0
2025-11-04 20:00:00,6.9,86.0,0.0
2025-11-04 21:00:00,6.8,82.0,0.0
2025-11-04 22:00:00,6.8,72.0,0.0
2025-11-04 23:00:00,7.7,56.0,0.0
2025-11-05 00:00:00,6.9,58.0,0.0
2025-11-05 01:00:00,7.0,65.0,0.0
2025-11-05 02:00:00,7.2,67.0,0.0
2025-11-05 03:00:00,6.0,74.0,0.0
2025-11-05 04:00:00,6.8,67.0,0.0
2025-11-05 05:00:00,6.5,72.0,0.0
2025-11-05 06:00:00,5.1,69.0,0.0
2025-11-05 07:00:00,4.9,69.0,0.0
2025-11-05 08:00:00,4.2,77.0,0.0
2025-11-05 09:00:00,4.4,89.0,0.0
2025-11-05 10:00:00,6.2,80.0,0.0
2025-11-05 11:00:00,7.8,78.0,0.0
2025-11-05 12:00:00,10.3,67.0,0.0
2025-11-05 13:00:00,11.3,71.0,0.0
2025-11-05 14:00:00,10.5,74.0,0.0
2025-11-05 15:00:00,10.8,72.0,0.0
2025-11-05 16:00:00,10.3,68.0,0.0
2025-11-05 17:00:00,9.7,70.0,0.0
2025-11-05 18:00:00,9.2,74.0,0.0
2025-11-05 19:00:00,8.0,76.0,0.0
2025-11-05 20:00:00,8.0,69.0,0.0
2025-11-05 21:00:00,7.6,67.0,0.0
2025-11-05 22:00:00,6.6,76.0,0.0
2025-11-05 23:00:00,7.9,68.0,0.0
2025-11-06 00:00:00,6.5,78.0,0.0
2025-11-06 01:00:00,5.9,76.0,0.0
2025-11-06 02:00:00,5.1,84.0,0.0
2025-11-06 03:00:00,5.2,83.0,0.0
2025-11-06 04:00:00,6.0,72.0,0.0
2025-11-06 05:00:00,3.9,84.0,0.0
2025-11-06 06:00:00,5.0,76.0,0.0
2025-11-06 07:00:00,4.5,74.0,0.0
2025-11-06 08:00:00,4.2,82.0,0.0
2025-11-06 09:00:00,2.9,96.0,0.0
2025-11-06 10:00:00,4.7,79.0,0.0
2025-11-06 11:00:00,5.7,81.0,0.0
2025-11-06 12:00:00,7.2,76.0,0.0
2025-11-06 13:00:00,8.6,72.0,0.0
2025-11-06 14:00:00,9.0,75.0,0.0
2025-11-06 15:00:00,8.7,78.0,0.0
2025-11-06 16:00:00,7.9,87.0,0.0
2025-11-06 17:00:00,6.2,96.0,0.0
2025-11-06 18:00:00,4.3,100.0,0.0
2025-11-06 19:00:00,4.8,91.0,0.0
2025-11-06 20:00:00,3.4,100.0,0.0
2025-11-06 21:00:00,3.1,100.0,0.0
2025-11-06 22:00:00,3.1,100.0,0.0
2025-11-06 23:00:00,3.2,98.0,0.0
